userid	age	dob_day	dob_year	dob_month	gender	tenure	friend_count	friendships_initiated	likes	likes_received	mobile_likes	mobile_likes_received	www_likes	www_likes_received
2094382	14	19	1999	11	male	266	0	0	0	0	0	0	0	0
1192601	14	2	1999	11	female	6	0	0	0	0	0	0	0	0
2083884	14	16	1999	11	male	13	0	0	0	0	0	0	0	0
1203168	14	25	1999	12	female	93	0	0	0	0	0	0	0	0
1733186	14	4	1999	12	male	82	0	0	0	0	0	0	0	0
1524765	14	1	1999	12	male	15	0	0	0	0	0	0	0	0
1136133	13	14	2000	1	male	12	0	0	0	0	0	0	0	0
1680361	13	4	2000	1	female	0	0	0	0	0	0	0	0	0
1365174	13	1	2000	1	male	81	0	0	0	0	0	0	0	0
1712567	13	2	2000	2	male	171	0	0	0	0	0	0	0	0
1612453	13	22	2000	2	male	98	0	0	0	0	0	0	0	0
2104073	13	1	2000	2	male	55	0	0	0	0	0	0	0	0
1918584	13	5	2000	3	male	106	0	0	0	0	0	0	0	0
1704433	13	21	2000	3	male	61	0	0	0	0	0	0	0	0
1932519	13	28	2000	3	female	0	0	0	0	0	0	0	0	0
1751722	13	7	2000	4	female	16	0	0	0	0	0	0	0	0
1470850	13	30	2000	5	female	34	0	0	0	0	0	0	0	0
1001768	13	23	2000	5	female	25	0	0	0	0	0	0	0	0
1537661	13	16	2000	5	female	4	0	0	0	0	0	0	0	0
1020296	13	13	2000	8	male	9	0	0	0	0	0	0	0	0
1472643	13	13	2000	9	female	9	0	0	0	0	0	0	0	0
2041297	13	22	2000	9	female	10	0	0	0	0	0	0	0	0
1514978	13	2	2000	9	male	0	0	0	0	0	0	0	0	0
1708962	15	17	1998	11	male	98	0	0	0	0	0	0	0	0
1098955	15	3	1998	11	male	100	0	0	0	0	0	0	0	0
1001243	15	11	1998	11	male	28	0	0	0	0	0	0	0	0
2113084	15	24	1998	11	male	52	0	0	0	0	0	0	0	0
2163454	15	15	1998	11	male	0	0	0	0	0	0	0	0	0
1670750	15	28	1998	12	male	24	0	0	0	0	0	0	0	0
1041376	15	11	1998	12	male	41	0	0	0	0	0	0	0	0
1762274	15	10	1998	12	male	17	0	0	0	0	0	0	0	0
1903650	14	16	1999	1	male	165	0	0	0	0	0	0	0	0
2087235	14	14	1999	1	male	15	0	0	0	0	0	0	0	0
1871735	14	1	1999	1	female	578	0	0	0	0	0	0	0	0
1459785	14	1	1999	1	male	478	0	0	0	0	0	0	0	0
1215208	14	1	1999	1	male	170	0	0	0	0	0	0	0	0
1255528	14	20	1999	2	male	266	0	0	0	0	0	0	0	0
1390333	14	19	1999	2	male	227	0	0	0	0	0	0	0	0
1570689	14	17	1999	2	male	13	0	0	0	0	0	0	0	0
1197377	14	1	1999	2	male	111	0	0	0	1	0	0	0	1
1472999	14	22	1999	3	female	201	0	0	0	0	0	0	0	0
1549614	14	16	1999	3	male	271	0	0	0	0	0	0	0	0
2056802	14	11	1999	3	female	145	0	0	0	0	0	0	0	0
2091823	14	21	1999	3	male	23	0	0	0	0	0	0	0	0
1302193	14	16	1999	3	female	21	0	0	0	0	0	0	0	0
1784528	14	8	1999	3	male	0	0	0	0	0	0	0	0	0
1842851	14	22	1999	4	male	258	0	0	0	0	0	0	0	0
1002019	14	30	1999	4	female	250	0	0	0	0	0	0	0	0
2188166	14	29	1999	4	female	22	0	0	0	0	0	0	0	0
1443541	14	21	1999	4	male	30	0	0	0	0	0	0	0	0
1927282	14	7	1999	5	male	242	0	0	0	0	0	0	0	0
1929885	14	14	1999	5	female	11	0	0	0	0	0	0	0	0
2188851	14	20	1999	5	male	0	0	0	0	0	0	0	0	0
1562606	14	8	1999	6	female	67	0	0	0	0	0	0	0	0
1599485	14	3	1999	6	male	0	0	0	0	0	0	0	0	0
2157419	14	19	1999	7	male	93	0	0	0	0	0	0	0	0
1264260	14	11	1999	7	male	18	0	0	0	0	0	0	0	0
1123633	14	28	1999	7	male	12	0	0	0	0	0	0	0	0
2045259	14	14	1999	7	male	6	0	0	0	0	0	0	0	0
1712642	14	9	1999	9	male	178	0	0	0	0	0	0	0	0
1304645	14	6	1999	9	male	24	0	0	0	0	0	0	0	0
1287843	14	14	1999	9	male	14	0	0	0	0	0	0	0	0
1094094	14	31	1999	10	male	214	0	0	0	0	0	0	0	0
1201176	14	17	1999	10	male	84	0	0	0	0	0	0	0	0
1717785	14	11	1999	10	female	27	0	0	0	0	0	0	0	0
1764393	14	2	1999	10	female	7	0	0	0	0	0	0	0	0
1483573	14	10	1999	10	female	4	0	0	0	0	0	0	0	0
2163813	16	20	1997	11	male	20	0	0	0	0	0	0	0	0
1435172	16	2	1997	12	female	256	0	0	0	0	0	0	0	0
1732320	16	17	1997	12	male	34	0	0	0	0	0	0	0	0
1866176	16	12	1997	12	female	22	0	0	0	0	0	0	0	0
1402504	16	16	1997	12	male	30	0	0	0	0	0	0	0	0
1469691	16	9	1997	12	male	17	0	0	0	0	0	0	0	0
1820036	15	25	1998	1	male	340	0	0	0	0	0	0	0	0
1922550	15	3	1998	1	male	338	0	0	0	0	0	0	0	0
1450870	15	20	1998	1	male	279	0	0	0	0	0	0	0	0
2044883	15	27	1998	1	male	179	0	0	0	0	0	0	0	0
2055501	15	11	1998	1	male	25	0	0	0	0	0	0	0	0
1574525	15	14	1998	1	male	10	0	0	0	0	0	0	0	0
1460963	15	23	1998	1	male	6	0	0	0	0	0	0	0	0
1648391	15	2	1998	2	male	503	0	0	0	0	0	0	0	0
2162779	15	19	1998	2	male	316	0	0	0	0	0	0	0	0
1105499	15	3	1998	2	male	90	0	0	0	0	0	0	0	0
1654852	15	18	1998	2	male	221	0	0	0	0	0	0	0	0
1665635	15	25	1998	2	female	3	0	0	0	0	0	0	0	0
2113685	15	7	1998	3	male	282	0	0	0	0	0	0	0	0
1772186	15	2	1998	3	female	193	0	0	0	0	0	0	0	0
1962161	15	2	1998	3	male	45	0	0	0	0	0	0	0	0
1605442	15	19	1998	3	male	24	0	0	0	0	0	0	0	0
2166096	15	12	1998	3	male	9	0	0	0	0	0	0	0	0
1777296	15	25	1998	4	female	547	0	0	0	0	0	0	0	0
1232281	15	21	1998	4	male	23	0	0	0	0	0	0	0	0
1328833	15	25	1998	4	male	7	0	0	0	0	0	0	0	0
1288621	15	15	1998	4	male	3	0	0	0	0	0	0	0	0
1129704	15	2	1998	5	male	347	0	0	0	0	0	0	0	0
1126847	15	5	1998	5	male	89	0	0	0	0	0	0	0	0
1056469	15	19	1998	5	female	56	0	0	0	0	0	0	0	0
2190921	15	17	1998	5	male	21	0	0	0	0	0	0	0	0
1496299	15	30	1998	6	male	63	0	0	0	0	0	0	0	0
1297545	15	14	1998	6	female	27	0	0	0	0	0	0	0	0
1314465	15	4	1998	6	male	14	0	0	0	0	0	0	0	0
1832374	15	20	1998	7	male	73	0	0	0	0	0	0	0	0
2164634	15	8	1998	7	female	20	0	0	0	0	0	0	0	0
1012962	15	6	1998	7	male	4	0	0	0	0	0	0	0	0
1294086	15	17	1998	8	male	661	0	0	0	0	0	0	0	0
1160530	15	22	1998	8	female	242	0	0	0	0	0	0	0	0
1859444	15	30	1998	8	male	223	0	0	0	0	0	0	0	0
1757068	15	22	1998	8	male	22	0	0	0	0	0	0	0	0
1998492	15	18	1998	8	female	11	0	0	0	0	0	0	0	0
1536686	15	18	1998	9	male	37	0	0	0	0	0	0	0	0
2070224	15	12	1998	10	male	18	0	0	0	0	0	0	0	0
1608131	15	1	1998	10	male	27	0	0	0	0	0	0	0	0
1483131	17	2	1996	11	male	21	0	0	0	0	0	0	0	0
1677748	17	10	1996	11	female	26	0	0	0	0	0	0	0	0
1703844	17	27	1996	11	male	12	0	0	0	0	0	0	0	0
1695626	17	20	1996	12	male	764	0	0	0	0	0	0	0	0
1054620	17	31	1996	12	male	22	0	0	0	0	0	0	0	0
1885663	16	16	1997	1	female	332	0	0	0	0	0	0	0	0
1174983	16	2	1997	1	male	290	0	0	0	0	0	0	0	0
1300831	16	26	1997	1	male	29	0	0	0	0	0	0	0	0
1106680	16	24	1997	1	female	71	0	0	0	0	0	0	0	0
1712570	16	17	1997	1	male	0	0	0	0	0	0	0	0	0
1505398	16	1	1997	1	male	108	0	0	0	0	0	0	0	0
2071007	16	1	1997	1	male	29	0	0	0	0	0	0	0	0
1387870	16	16	1997	2	male	264	0	0	0	0	0	0	0	0
1997182	16	4	1997	3	male	363	0	0	0	0	0	0	0	0
1409046	16	3	1997	3	male	152	0	0	0	0	0	0	0	0
1020864	16	15	1997	4	male	312	0	0	0	0	0	0	0	0
1662734	16	28	1997	4	female	66	0	0	0	0	0	0	0	0
1917166	16	3	1997	4	female	31	0	0	0	0	0	0	0	0
1689737	16	23	1997	4	male	21	0	0	0	0	0	0	0	0
1011372	16	16	1997	5	female	374	0	0	0	0	0	0	0	0
2191252	16	12	1997	5	male	223	0	0	0	0	0	0	0	0
2064115	16	17	1997	5	male	2	0	0	0	0	0	0	0	0
1449467	16	2	1997	6	male	163	0	0	0	0	0	0	0	0
1505097	16	12	1997	6	male	142	0	0	0	0	0	0	0	0
1306187	16	4	1997	6	male	9	0	0	0	0	0	0	0	0
1430230	16	22	1997	7	male	147	0	0	0	0	0	0	0	0
2126242	16	25	1997	7	female	52	0	0	0	0	0	0	0	0
1096123	16	17	1997	7	male	5	0	0	0	0	0	0	0	0
1733413	16	29	1997	8	male	589	0	0	0	0	0	0	0	0
2153790	16	24	1997	8	male	465	0	0	0	0	0	0	0	0
1639871	16	11	1997	8	female	390	0	0	0	0	0	0	0	0
1542192	16	15	1997	8	female	150	0	0	0	0	0	0	0	0
1664129	16	23	1997	8	female	192	0	0	0	0	0	0	0	0
1972405	16	5	1997	8	male	53	0	0	0	0	0	0	0	0
1063625	16	5	1997	8	male	5	0	0	0	0	0	0	0	0
1637546	16	9	1997	9	male	245	0	0	0	0	0	0	0	0
1941254	16	27	1997	9	female	145	0	0	0	0	0	0	0	0
1683116	16	15	1997	10	female	498	0	0	0	0	0	0	0	0
1930035	16	8	1997	10	male	81	0	0	0	0	0	0	0	0
2183422	16	7	1997	10	female	24	0	0	0	0	0	0	0	0
1935024	16	10	1997	10	male	3	0	0	0	0	0	0	0	0
1590837	18	30	1995	11	male	587	0	0	0	0	0	0	0	0
1124403	18	13	1995	11	male	577	0	0	0	0	0	0	0	0
1364002	18	27	1995	11	male	80	0	0	0	0	0	0	0	0
2113653	18	4	1995	11	female	15	0	0	0	0	0	0	0	0
1331161	18	27	1995	12	male	715	0	0	0	0	0	0	0	0
1806987	18	5	1995	12	male	64	0	0	0	0	0	0	0	0
2038590	18	17	1995	12	female	235	0	0	0	0	0	0	0	0
2167676	18	6	1995	12	male	201	0	0	0	0	0	0	0	0
2115759	18	13	1995	12	male	25	0	0	0	0	0	0	0	0
1392458	18	18	1995	12	female	19	0	0	0	0	0	0	0	0
2130453	18	16	1995	12	female	0	0	0	0	0	0	0	0	0
1787586	18	1	1995	12	male	0	0	0	0	0	0	0	0	0
1857274	17	2	1996	1	female	531	0	0	0	0	0	0	0	0
1217755	17	1	1996	1	male	465	0	0	0	0	0	0	0	0
1236697	17	1	1996	1	male	2	0	0	0	0	0	0	0	0
1305639	17	2	1996	3	male	146	0	0	0	0	0	0	0	0
1169785	17	11	1996	3	male	81	0	0	0	0	0	0	0	0
1338620	17	14	1996	3	male	13	0	0	0	0	0	0	0	0
1283356	17	8	1996	4	male	410	0	0	0	0	0	0	0	0
1189040	17	15	1996	4	male	364	0	0	0	0	0	0	0	0
2126886	17	17	1996	4	male	331	0	0	0	0	0	0	0	0
1418034	17	9	1996	4	female	14	0	0	0	0	0	0	0	0
2011449	17	18	1996	4	male	12	0	0	0	0	0	0	0	0
1765562	17	5	1996	4	male	0	0	0	0	0	0	0	0	0
1132306	17	1	1996	4	male	36	0	0	0	0	0	0	0	0
1829874	17	12	1996	5	male	175	0	0	0	0	0	0	0	0
1992636	17	13	1996	6	male	379	0	0	0	0	0	0	0	0
1745834	17	20	1996	6	female	172	0	0	0	0	0	0	0	0
2014775	17	11	1996	6	male	14	0	0	0	0	0	0	0	0
1258751	17	5	1996	7	male	671	0	0	0	0	0	0	0	0
1433135	17	16	1996	7	male	545	0	0	0	0	0	0	0	0
1608002	17	4	1996	7	male	388	0	0	0	0	0	0	0	0
1406080	17	19	1996	7	male	112	0	0	0	0	0	0	0	0
1436760	17	9	1996	8	male	166	0	0	0	0	0	0	0	0
1371735	17	11	1996	8	male	14	0	0	0	0	0	0	0	0
1134075	17	1	1996	8	female	14	0	0	0	0	0	0	0	0
1805783	17	8	1996	9	male	14	0	0	0	0	0	0	0	0
1863042	17	24	1996	9	male	29	0	0	0	0	0	0	0	0
1144392	17	9	1996	10	female	374	0	0	0	0	0	0	0	0
1397700	17	10	1996	10	male	51	0	0	0	0	0	0	0	0
1195181	17	14	1996	10	male	7	0	0	0	0	0	0	0	0
1195657	19	11	1994	11	male	152	0	0	0	0	0	0	0	0
1837868	19	11	1994	11	male	116	0	0	0	0	0	0	0	0
1499423	19	28	1994	11	male	33	0	0	0	0	0	0	0	0
1926687	19	12	1994	11	female	20	0	0	0	0	0	0	0	0
1684975	19	15	1994	11	female	39	0	0	0	0	0	0	0	0
1427988	19	19	1994	11	male	1	0	0	0	0	0	0	0	0
1466108	19	17	1994	12	male	304	0	0	0	0	0	0	0	0
1865261	19	6	1994	12	male	243	0	0	0	0	0	0	0	0
1997609	19	9	1994	12	male	223	0	0	0	0	0	0	0	0
1809067	19	21	1994	12	male	18	0	0	0	0	0	0	0	0
1771745	19	4	1994	12	female	10	0	0	0	0	0	0	0	0
1419434	18	10	1995	1	male	184	0	0	0	0	0	0	0	0
1217995	18	26	1995	1	male	23	0	0	0	0	0	0	0	0
1797921	18	10	1995	1	male	13	0	0	0	0	0	0	0	0
1926902	18	19	1995	1	male	5	0	0	0	0	0	0	0	0
1055143	18	16	1995	1	male	13	0	0	0	0	0	0	0	0
2135230	18	1	1995	1	male	532	0	0	0	0	0	0	0	0
2152684	18	1	1995	1	male	288	0	0	0	0	0	0	0	0
1829876	18	1	1995	1	male	112	0	0	0	0	0	0	0	0
2124960	18	1	1995	1	female	13	0	0	0	0	0	0	0	0
1233567	18	1	1995	1	male	6	0	0	0	0	0	0	0	0
1473866	18	1	1995	1	female	0	0	0	0	0	0	0	0	0
2137248	18	10	1995	2	female	368	0	0	0	0	0	0	0	0
1345501	18	2	1995	2	male	6	0	0	0	2	0	0	0	2
1391733	18	19	1995	2	female	10	0	0	0	0	0	0	0	0
1566554	18	4	1995	3	male	213	0	0	0	0	0	0	0	0
1355491	18	20	1995	3	male	218	0	0	0	0	0	0	0	0
1315805	18	9	1995	3	male	119	0	0	0	0	0	0	0	0
1279723	18	21	1995	3	male	20	0	0	0	0	0	0	0	0
1657516	18	16	1995	3	male	23	0	0	0	0	0	0	0	0
1483400	18	23	1995	4	male	969	0	0	0	0	0	0	0	0
1597450	18	16	1995	4	male	185	0	0	0	0	0	0	0	0
1873685	18	17	1995	4	female	105	0	0	0	0	0	0	0	0
1697288	18	25	1995	4	female	27	0	0	0	0	0	0	0	0
1066015	18	30	1995	5	male	290	0	0	0	0	0	0	0	0
2014766	18	18	1995	5	female	244	0	0	0	0	0	0	0	0
1299611	18	16	1995	5	male	187	0	0	0	0	0	0	0	0
1671638	18	4	1995	5	male	38	0	0	0	0	0	0	0	0
2095653	18	2	1995	5	female	21	0	0	0	0	0	0	0	0
2156614	18	5	1995	5	male	7	0	0	0	0	0	0	0	0
1113350	18	8	1995	6	male	582	0	0	0	0	0	0	0	0
1925696	18	3	1995	6	male	380	0	0	0	3	0	3	0	0
1953166	18	23	1995	6	male	18	0	0	0	0	0	0	0	0
1447319	18	6	1995	6	male	14	0	0	0	0	0	0	0	0
1213224	18	12	1995	6	male	16	0	0	0	0	0	0	0	0
1620718	18	1	1995	6	male	1	0	0	0	0	0	0	0	0
1740994	18	3	1995	7	female	336	0	0	0	0	0	0	0	0
1738708	18	14	1995	7	male	612	0	0	0	0	0	0	0	0
1602191	18	15	1995	7	male	100	0	0	0	0	0	0	0	0
1804128	18	18	1995	7	male	15	0	0	0	1	0	0	0	1
1826582	18	25	1995	7	male	24	0	0	0	0	0	0	0	0
1847360	18	12	1995	7	female	26	0	0	0	0	0	0	0	0
2072899	18	5	1995	7	male	22	0	0	0	0	0	0	0	0
1807988	18	20	1995	7	male	11	0	0	0	0	0	0	0	0
1044397	18	2	1995	7	male	13	0	0	0	0	0	0	0	0
1892920	18	25	1995	8	male	184	0	0	0	0	0	0	0	0
1161951	18	11	1995	8	male	80	0	0	0	0	0	0	0	0
2187313	18	28	1995	8	female	22	0	0	0	0	0	0	0	0
1080891	18	17	1995	8	male	6	0	0	0	0	0	0	0	0
1593499	18	1	1995	8	female	19	0	0	0	0	0	0	0	0
1879279	18	16	1995	9	male	1	0	0	0	0	0	0	0	0
2035530	18	9	1995	10	female	510	0	0	0	0	0	0	0	0
1383408	18	6	1995	10	male	445	0	0	0	0	0	0	0	0
1981734	18	31	1995	10	male	7	0	0	0	0	0	0	0	0
2099593	20	14	1993	11	male	294	0	0	0	0	0	0	0	0
1209993	20	26	1993	11	male	159	0	0	0	0	0	0	0	0
1202760	20	22	1993	11	male	24	0	0	0	0	0	0	0	0
1138174	20	4	1993	12	female	96	0	0	0	0	0	0	0	0
1395517	19	1	1994	1	male	341	0	0	0	0	0	0	0	0
2075884	19	1	1994	1	male	214	0	0	0	0	0	0	0	0
1606305	19	10	1994	2	male	252	0	0	0	0	0	0	0	0
1235916	19	7	1994	2	male	212	0	0	0	0	0	0	0	0
1440680	19	21	1994	3	male	723	0	0	0	0	0	0	0	0
1896939	19	22	1994	3	male	10	0	0	0	0	0	0	0	0
1534928	19	3	1994	3	male	14	0	0	0	0	0	0	0	0
1919950	19	22	1994	3	female	17	0	0	0	0	0	0	0	0
2045059	19	1	1994	3	male	23	0	0	0	0	0	0	0	0
1664233	19	23	1994	4	male	520	0	0	0	0	0	0	0	0
1301349	19	17	1994	4	female	280	0	0	0	0	0	0	0	0
1632155	19	8	1994	4	female	199	0	0	0	0	0	0	0	0
2082063	19	6	1994	4	female	48	0	0	0	0	0	0	0	0
1915520	19	19	1994	4	female	1	0	0	0	0	0	0	0	0
1908036	19	5	1994	4	male	2	0	0	0	0	0	0	0	0
1498375	19	4	1994	4	male	0	0	0	0	0	0	0	0	0
1462261	19	3	1994	4	male	4	0	0	0	0	0	0	0	0
1636222	19	28	1994	5	male	427	0	0	0	0	0	0	0	0
1569745	19	28	1994	5	male	263	0	0	0	1	0	1	0	0
1306666	19	5	1994	5	male	27	0	0	0	0	0	0	0	0
1572240	19	1	1994	5	male	20	0	0	0	0	0	0	0	0
1647229	19	15	1994	6	male	298	0	0	0	0	0	0	0	0
1648893	19	5	1994	6	male	161	0	0	0	0	0	0	0	0
1151847	19	13	1994	6	male	62	0	0	0	0	0	0	0	0
1210477	19	16	1994	7	female	612	0	0	0	0	0	0	0	0
1362816	19	11	1994	7	male	324	0	0	0	0	0	0	0	0
1957627	19	6	1994	7	female	157	0	0	0	0	0	0	0	0
2088905	19	7	1994	7	male	0	0	0	0	0	0	0	0	0
1750800	19	21	1994	8	male	769	0	0	0	0	0	0	0	0
1532322	19	16	1994	8	male	225	0	0	0	0	0	0	0	0
2107449	19	3	1994	8	male	0	0	0	0	0	0	0	0	0
1476153	19	6	1994	9	male	226	0	0	0	0	0	0	0	0
1761879	19	4	1994	9	male	182	0	0	0	0	0	0	0	0
1380116	19	25	1994	9	male	16	0	0	0	0	0	0	0	0
1525634	19	1	1994	9	male	263	0	0	0	0	0	0	0	0
1130417	19	23	1994	10	male	692	0	0	0	0	0	0	0	0
1307168	19	10	1994	10	male	242	0	0	0	0	0	0	0	0
1283872	19	4	1994	10	male	138	0	0	0	0	0	0	0	0
1150162	19	11	1994	10	female	101	0	0	0	0	0	0	0	0
1816337	19	4	1994	10	male	4	0	0	0	0	0	0	0	0
1724334	21	21	1992	11	male	251	0	0	0	0	0	0	0	0
1439541	21	4	1992	11	male	16	0	0	0	0	0	0	0	0
1787342	21	29	1992	12	male	1244	0	0	0	0	0	0	0	0
1592756	21	25	1992	12	male	669	0	0	0	0	0	0	0	0
2160210	21	31	1992	12	male	11	0	0	0	0	0	0	0	0
1804604	20	18	1993	1	female	797	0	0	0	0	0	0	0	0
1251517	20	30	1993	1	male	508	0	0	0	0	0	0	0	0
1212857	20	6	1993	1	male	27	0	0	0	0	0	0	0	0
1018870	20	1	1993	1	female	33	0	0	0	0	0	0	0	0
2015792	20	26	1993	2	male	1610	0	0	0	0	0	0	0	0
1602988	20	10	1993	2	male	130	0	0	0	0	0	0	0	0
1994885	20	27	1993	2	male	174	0	0	0	0	0	0	0	0
1783684	20	10	1993	2	female	42	0	0	0	0	0	0	0	0
1336099	20	14	1993	2	male	45	0	0	0	0	0	0	0	0
1370224	20	13	1993	3	male	473	0	0	0	0	0	0	0	0
1072317	20	3	1993	3	male	143	0	0	0	0	0	0	0	0
2089737	20	25	1993	3	male	51	0	0	0	0	0	0	0	0
1235102	20	10	1993	4	female	453	0	0	0	0	0	0	0	0
1516074	20	22	1993	4	female	184	0	0	0	0	0	0	0	0
1564549	20	11	1993	4	male	75	0	0	0	0	0	0	0	0
1420068	20	14	1993	4	female	58	0	0	0	0	0	0	0	0
1913310	20	11	1993	4	male	15	0	0	0	0	0	0	0	0
1225065	20	1	1993	4	male	285	0	0	0	0	0	0	0	0
1083587	20	4	1993	5	male	723	0	0	0	0	0	0	0	0
1397431	20	21	1993	5	female	353	0	0	0	0	0	0	0	0
1973958	20	7	1993	5	male	313	0	0	0	0	0	0	0	0
1228944	20	29	1993	5	female	182	0	0	0	0	0	0	0	0
1836279	20	11	1993	5	male	106	0	0	0	0	0	0	0	0
1720173	20	21	1993	6	female	495	0	0	0	0	0	0	0	0
1592509	20	11	1993	6	male	105	0	0	0	0	0	0	0	0
1916310	20	10	1993	7	male	559	0	0	0	0	0	0	0	0
1850196	20	16	1993	7	female	58	0	0	0	0	0	0	0	0
1605360	20	23	1993	7	female	27	0	0	0	0	0	0	0	0
1240950	20	5	1993	8	male	695	0	0	0	0	0	0	0	0
1180040	20	24	1993	8	female	434	0	0	0	0	0	0	0	0
2013214	20	17	1993	8	male	214	0	0	0	0	0	0	0	0
1329394	20	15	1993	8	female	26	0	0	0	0	0	0	0	0
1082641	20	22	1993	8	male	5	0	0	0	0	0	0	0	0
1381445	20	6	1993	9	female	79	0	0	0	0	0	0	0	0
1142251	20	1	1993	9	female	446	0	0	0	0	0	0	0	0
1842312	20	27	1993	10	male	670	0	0	0	0	0	0	0	0
1559228	20	21	1993	10	male	589	0	0	0	0	0	0	0	0
1342174	20	22	1993	10	female	400	0	0	0	0	0	0	0	0
1935430	20	15	1993	10	male	382	0	0	0	0	0	0	0	0
1653427	20	2	1993	10	male	182	0	0	0	0	0	0	0	0
1979801	22	17	1991	11	male	11	0	0	0	0	0	0	0	0
1747347	22	30	1991	12	male	199	0	0	0	0	0	0	0	0
2138260	22	18	1991	12	male	4	0	0	0	0	0	0	0	0
1595249	21	14	1992	1	male	523	0	0	0	0	0	0	0	0
2068781	21	19	1992	1	female	484	0	0	0	0	0	0	0	0
2132033	21	21	1992	1	male	350	0	0	0	0	0	0	0	0
1860368	21	3	1992	1	male	300	0	0	0	0	0	0	0	0
1401345	21	14	1992	1	male	240	0	0	0	0	0	0	0	0
1756475	21	2	1992	1	male	6	0	0	0	0	0	0	0	0
1156825	21	1	1992	1	female	1486	0	0	0	0	0	0	0	0
1954075	21	1	1992	1	female	1292	0	0	0	0	0	0	0	0
1077916	21	1	1992	1	male	179	0	0	0	0	0	0	0	0
1795862	21	1	1992	1	male	147	0	0	0	0	0	0	0	0
1646874	21	1	1992	1	female	134	0	0	0	0	0	0	0	0
1283408	21	1	1992	1	male	66	0	0	0	0	0	0	0	0
1633284	21	1	1992	1	male	12	0	0	0	0	0	0	0	0
1102034	21	1	1992	1	female	5	0	0	0	0	0	0	0	0
1194638	21	3	1992	2	male	383	0	0	0	0	0	0	0	0
1225367	21	28	1992	2	male	169	0	0	0	0	0	0	0	0
1520543	21	12	1992	2	male	157	0	0	0	0	0	0	0	0
1826992	21	6	1992	2	male	19	0	0	0	0	0	0	0	0
1448003	21	7	1992	3	male	49	0	0	0	0	0	0	0	0
1261247	21	9	1992	4	male	302	0	0	0	0	0	0	0	0
2061560	21	15	1992	4	female	202	0	0	0	0	0	0	0	0
1981863	21	27	1992	4	female	186	0	0	0	0	0	0	0	0
1007345	21	17	1992	4	male	25	0	0	0	0	0	0	0	0
1957529	21	13	1992	4	male	7	0	0	0	0	0	0	0	0
1115742	21	1	1992	4	female	738	0	0	0	0	0	0	0	0
1238227	21	1	1992	4	male	225	0	0	0	0	0	0	0	0
1554073	21	1	1992	4	male	26	0	0	0	0	0	0	0	0
1124617	21	10	1992	5	female	1300	0	0	0	0	0	0	0	0
1192502	21	13	1992	5	male	450	0	0	0	0	0	0	0	0
2049400	21	3	1992	5	male	23	0	0	0	0	0	0	0	0
1773325	21	11	1992	6	male	172	0	0	0	0	0	0	0	0
1567628	21	15	1992	7	male	4	0	0	0	0	0	0	0	0
1358744	21	22	1992	7	female	8	0	0	0	0	0	0	0	0
1151128	21	10	1992	7	male	3	0	0	0	0	0	0	0	0
1853439	21	7	1992	8	female	570	0	0	0	0	0	0	0	0
1322026	21	5	1992	8	male	478	0	0	0	0	0	0	0	0
1879128	21	21	1992	8	male	181	0	0	0	0	0	0	0	0
1369361	21	11	1992	9	female	621	0	0	0	0	0	0	0	0
1806591	21	13	1992	9	female	178	0	0	0	0	0	0	0	0
1334723	21	11	1992	9	male	0	0	0	0	1	0	1	0	0
1137164	21	2	1992	10	female	535	0	0	0	0	0	0	0	0
2003623	21	13	1992	10	male	480	0	0	0	0	0	0	0	0
1631440	21	21	1992	10	male	404	0	0	0	0	0	0	0	0
2175477	21	12	1992	10	male	12	0	0	0	0	0	0	0	0
1985700	23	4	1990	11	male	605	0	0	0	0	0	0	0	0
1293422	23	7	1990	11	male	462	0	0	0	0	0	0	0	0
1287930	23	13	1990	11	male	207	0	0	0	0	0	0	0	0
1398096	23	11	1990	11	male	151	0	0	0	0	0	0	0	0
1341689	23	19	1990	12	male	882	0	0	0	0	0	0	0	0
1888826	23	4	1990	12	male	303	0	0	0	0	0	0	0	0
2156824	23	10	1990	12	male	282	0	0	0	0	0	0	0	0
1249018	23	2	1990	12	female	186	0	0	0	0	0	0	0	0
2128462	23	11	1990	12	male	4	0	0	0	0	0	0	0	0
1369902	22	20	1991	1	male	572	0	0	0	0	0	0	0	0
1186932	22	21	1991	1	male	11	0	0	0	0	0	0	0	0
1612709	22	10	1991	1	male	0	0	0	0	0	0	0	0	0
1578262	22	24	1991	1	male	1	0	0	0	0	0	0	0	0
1216453	22	1	1991	1	male	769	0	0	0	0	0	0	0	0
1680549	22	1	1991	1	male	602	0	0	0	0	0	0	0	0
1380484	22	1	1991	1	male	542	0	0	0	0	0	0	0	0
1577830	22	1	1991	1	male	453	0	0	0	0	0	0	0	0
2045670	22	1	1991	1	male	355	0	0	0	0	0	0	0	0
1398711	22	1	1991	1	female	322	0	0	0	0	0	0	0	0
1124324	22	1	1991	1	male	139	0	0	0	0	0	0	0	0
1075001	22	1	1991	1	male	46	0	0	0	0	0	0	0	0
1890506	22	1	1991	1	male	24	0	0	0	0	0	0	0	0
2024804	22	14	1991	2	male	23	0	0	0	0	0	0	0	0
1498129	22	10	1991	2	male	19	0	0	0	0	0	0	0	0
1142462	22	18	1991	3	female	644	0	0	0	0	0	0	0	0
1249952	22	16	1991	4	female	243	0	0	0	0	0	0	0	0
2125196	22	6	1991	4	male	76	0	0	0	0	0	0	0	0
1910664	22	8	1991	4	male	24	0	0	0	0	0	0	0	0
1354459	22	13	1991	4	male	24	0	0	0	0	0	0	0	0
1326366	22	27	1991	5	male	604	0	0	0	0	0	0	0	0
1117090	22	22	1991	5	male	417	0	0	0	0	0	0	0	0
1547064	22	24	1991	5	female	114	0	0	0	0	0	0	0	0
1222524	22	22	1991	6	female	385	0	0	0	0	0	0	0	0
1141672	22	22	1991	7	male	527	0	0	0	0	0	0	0	0
1042351	22	20	1991	7	female	247	0	0	0	0	0	0	0	0
1387403	22	13	1991	7	female	126	0	0	0	0	0	0	0	0
1236304	22	8	1991	8	male	755	0	0	0	0	0	0	0	0
1860186	22	18	1991	8	male	673	0	0	0	0	0	0	0	0
1693448	22	26	1991	8	male	340	0	0	0	0	0	0	0	0
1186143	22	6	1991	8	male	158	0	0	0	0	0	0	0	0
1687424	22	25	1991	8	male	24	0	0	0	0	0	0	0	0
1165912	22	12	1991	8	male	19	0	0	0	0	0	0	0	0
1361098	22	22	1991	9	female	402	0	0	0	0	0	0	0	0
1439596	22	10	1991	9	female	409	0	0	0	0	0	0	0	0
1610204	22	2	1991	9	female	312	0	0	0	0	0	0	0	0
1693980	22	10	1991	9	female	217	0	0	0	0	0	0	0	0
1415973	22	7	1991	10	male	160	0	0	0	0	0	0	0	0
2121730	22	12	1991	10	female	66	0	0	0	0	0	0	0	0
1178441	22	20	1991	10	female	69	0	0	0	0	0	0	0	0
1740313	22	7	1991	10	male	26	0	0	0	0	0	0	0	0
1532954	22	17	1991	10	female	20	0	0	0	0	0	0	0	0
1487491	24	5	1989	11	male	513	0	0	0	0	0	0	0	0
1635754	24	18	1989	11	male	350	0	0	0	0	0	0	0	0
2022509	24	25	1989	11	female	197	0	0	0	0	0	0	0	0
1843594	24	28	1989	11	male	9	0	0	0	0	0	0	0	0
1439827	24	26	1989	12	male	764	0	0	0	0	0	0	0	0
1677101	24	11	1989	12	male	292	0	0	0	0	0	0	0	0
1306539	23	2	1990	1	male	571	0	0	0	0	0	0	0	0
1488704	23	9	1990	1	female	535	0	0	0	0	0	0	0	0
1988626	23	19	1990	1	male	423	0	0	0	0	0	0	0	0
2043081	23	23	1990	1	female	293	0	0	0	0	0	0	0	0
1318812	23	29	1990	1	male	219	0	0	0	0	0	0	0	0
1210695	23	23	1990	1	male	223	0	0	0	0	0	0	0	0
1076499	23	27	1990	1	male	50	0	0	0	0	0	0	0	0
2174524	23	6	1990	1	male	2	0	0	0	0	0	0	0	0
1479804	23	19	1990	1	female	0	0	0	0	0	0	0	0	0
1815178	23	1	1990	1	male	608	0	0	0	0	0	0	0	0
1849381	23	1	1990	1	male	435	0	0	0	0	0	0	0	0
1670213	23	1	1990	1	male	372	0	0	0	0	0	0	0	0
1471324	23	1	1990	1	male	339	0	0	0	0	0	0	0	0
1366173	23	1	1990	1	female	300	0	0	0	0	0	0	0	0
1863581	23	1	1990	1	male	260	0	0	0	0	0	0	0	0
1580373	23	1	1990	1	male	234	0	0	0	0	0	0	0	0
1091396	23	1	1990	1	male	218	0	0	0	0	0	0	0	0
1408400	23	1	1990	1	male	212	0	0	0	0	0	0	0	0
1256121	23	1	1990	1	female	162	0	0	0	0	0	0	0	0
1293355	23	1	1990	1	male	114	0	0	0	0	0	0	0	0
2040151	23	1	1990	1	male	89	0	0	0	0	0	0	0	0
1179510	23	1	1990	1	female	80	0	0	0	0	0	0	0	0
1762047	23	1	1990	1	male	34	0	0	0	0	0	0	0	0
1803477	23	1	1990	1	female	27	0	0	0	0	0	0	0	0
2091018	23	1	1990	1	male	1	0	0	0	0	0	0	0	0
1186388	23	1	1990	1	male	0	0	0	0	0	0	0	0	0
1871930	23	1	1990	1	male	5	0	0	0	0	0	0	0	0
1503661	23	13	1990	2	male	352	0	0	0	0	0	0	0	0
1076693	23	20	1990	2	female	267	0	0	0	0	0	0	0	0
1410686	23	5	1990	2	female	127	0	0	0	0	0	0	0	0
1536035	23	9	1990	2	male	94	0	0	0	0	0	0	0	0
1030569	23	15	1990	2	female	95	0	0	0	0	0	0	0	0
1170375	23	19	1990	2	male	23	0	0	0	0	0	0	0	0
1240547	23	17	1990	2	male	55	0	0	0	6	0	0	0	6
1361988	23	28	1990	2	male	0	0	0	0	0	0	0	0	0
1622122	23	14	1990	3	male	397	0	0	0	0	0	0	0	0
2089407	23	4	1990	3	female	268	0	0	0	0	0	0	0	0
1828109	23	10	1990	3	male	250	0	0	0	0	0	0	0	0
1305923	23	12	1990	3	male	52	0	0	0	0	0	0	0	0
2170019	23	16	1990	3	male	67	0	0	0	0	0	0	0	0
1075484	23	26	1990	3	male	40	0	0	0	0	0	0	0	0
1142222	23	10	1990	3	female	0	0	0	0	0	0	0	0	0
1115648	23	6	1990	3	female	0	0	0	0	0	0	0	0	0
1112331	23	5	1990	4	male	934	0	0	0	0	0	0	0	0
2135177	23	17	1990	4	male	791	0	0	0	0	0	0	0	0
1883780	23	3	1990	4	female	635	0	0	0	0	0	0	0	0
1549449	23	4	1990	4	female	557	0	0	0	0	0	0	0	0
2181007	23	5	1990	4	female	383	0	0	0	0	0	0	0	0
1634894	23	5	1990	4	male	5	0	0	0	0	0	0	0	0
1016360	23	3	1990	4	male	3	0	0	0	0	0	0	0	0
2120971	23	1	1990	4	male	298	0	0	0	0	0	0	0	0
1286623	23	14	1990	5	female	404	0	0	0	0	0	0	0	0
1893192	23	30	1990	5	female	344	0	0	0	0	0	0	0	0
1396709	23	26	1990	5	male	281	0	0	0	0	0	0	0	0
1096874	23	15	1990	5	female	124	0	0	0	0	0	0	0	0
1062603	23	17	1990	5	male	68	0	0	0	0	0	0	0	0
1689361	23	1	1990	5	male	413	0	0	0	0	0	0	0	0
1498591	23	14	1990	6	male	323	0	0	0	0	0	0	0	0
1013748	23	11	1990	6	female	322	0	0	0	0	0	0	0	0
1021921	23	17	1990	6	female	143	0	0	0	0	0	0	0	0
2091217	23	24	1990	6	male	39	0	0	0	1	0	1	0	0
2062106	23	27	1990	6	male	16	0	0	0	0	0	0	0	0
1183470	23	6	1990	7	male	437	0	0	0	0	0	0	0	0
1834825	23	10	1990	7	male	273	0	0	0	0	0	0	0	0
2004817	23	9	1990	7	female	190	0	0	0	0	0	0	0	0
1784614	23	28	1990	7	female	176	0	0	0	0	0	0	0	0
1936982	23	6	1990	7	male	71	0	0	0	0	0	0	0	0
1194082	23	12	1990	7	male	13	0	0	0	0	0	0	0	0
1456545	23	11	1990	8	male	937	0	0	0	0	0	0	0	0
1338898	23	21	1990	8	male	27	0	0	0	0	0	0	0	0
1684157	23	6	1990	8	female	0	0	0	0	0	0	0	0	0
1860511	23	7	1990	8	male	0	0	0	0	0	0	0	0	0
1204593	23	5	1990	9	male	389	0	0	0	0	0	0	0	0
2083195	23	9	1990	9	male	344	0	0	0	0	0	0	0	0
2071109	23	29	1990	9	male	281	0	0	0	0	0	0	0	0
2143083	23	5	1990	9	male	101	0	0	0	0	0	0	0	0
2127209	23	11	1990	9	male	27	0	0	0	0	0	0	0	0
1122559	23	8	1990	9	male	8	0	0	0	0	0	0	0	0
1307763	23	17	1990	10	male	688	0	0	0	0	0	0	0	0
1512798	23	27	1990	10	male	363	0	0	0	0	0	0	0	0
1001056	23	14	1990	10	female	298	0	0	0	0	0	0	0	0
1969215	23	20	1990	10	male	268	0	0	0	0	0	0	0	0
1236397	23	25	1990	10	male	256	0	0	0	0	0	0	0	0
1817461	23	4	1990	10	male	71	0	0	0	0	0	0	0	0
1440323	23	18	1990	10	male	22	0	0	0	0	0	0	0	0
1661312	23	9	1990	10	male	21	0	0	0	0	0	0	0	0
1625491	23	15	1990	10	male	4	0	0	0	0	0	0	0	0
1958578	23	22	1990	10	male	9	0	0	0	0	0	0	0	0
1725783	25	26	1988	11	male	266	0	0	0	0	0	0	0	0
1854664	25	5	1988	11	female	265	0	0	0	0	0	0	0	0
1962632	25	8	1988	11	male	84	0	0	0	0	0	0	0	0
1658003	25	7	1988	11	male	9	0	0	0	0	0	0	0	0
1968981	25	18	1988	12	male	360	0	0	0	0	0	0	0	0
1080665	25	6	1988	12	male	214	0	0	0	0	0	0	0	0
1088796	25	7	1988	12	male	28	0	0	0	0	0	0	0	0
1864419	25	10	1988	12	female	13	0	0	0	0	0	0	0	0
1264965	25	25	1988	12	female	1	0	0	0	0	0	0	0	0
2144353	24	17	1989	1	male	654	0	0	0	0	0	0	0	0
1824980	24	2	1989	1	male	227	0	0	0	0	0	0	0	0
1537697	24	11	1989	1	female	216	0	0	0	0	0	0	0	0
2103920	24	7	1989	1	male	135	0	0	0	0	0	0	0	0
1964987	24	21	1989	1	female	23	0	0	0	0	0	0	0	0
1123732	24	13	1989	1	male	24	0	0	0	0	0	0	0	0
1046374	24	29	1989	1	male	17	0	0	0	0	0	0	0	0
1920994	24	19	1989	1	female	6	0	0	0	0	0	0	0	0
1780403	24	12	1989	1	male	12	0	0	0	0	0	0	0	0
1600325	24	1	1989	1	female	668	0	0	0	0	0	0	0	0
1174798	24	1	1989	1	male	616	0	0	0	0	0	0	0	0
1497388	24	1	1989	1	male	630	0	0	0	0	0	0	0	0
1486586	24	1	1989	1	male	438	0	0	0	0	0	0	0	0
1077607	24	1	1989	1	male	325	0	0	0	0	0	0	0	0
1794987	24	25	1989	2	male	788	0	0	0	0	0	0	0	0
2114397	24	6	1989	2	male	380	0	0	0	0	0	0	0	0
1817661	24	13	1989	2	male	232	0	0	0	0	0	0	0	0
2039321	24	13	1989	2	male	187	0	0	0	0	0	0	0	0
1980455	24	15	1989	2	female	58	0	0	0	0	0	0	0	0
1844330	24	1	1989	2	female	162	0	0	0	0	0	0	0	0
1181701	24	24	1989	3	male	377	0	0	0	0	0	0	0	0
1810616	24	16	1989	3	male	203	0	0	0	0	0	0	0	0
1137347	24	7	1989	3	male	173	0	0	0	0	0	0	0	0
1288771	24	3	1989	3	male	21	0	0	0	0	0	0	0	0
1087188	24	27	1989	4	male	370	0	0	0	0	0	0	0	0
1481505	24	25	1989	4	female	23	0	0	0	0	0	0	0	0
2037629	24	3	1989	5	male	1123	0	0	0	0	0	0	0	0
1686785	24	2	1989	5	female	644	0	0	0	0	0	0	0	0
1326068	24	29	1989	5	female	592	0	0	0	0	0	0	0	0
1159400	24	29	1989	5	male	338	0	0	0	0	0	0	0	0
1682582	24	3	1989	5	female	66	0	0	0	0	0	0	0	0
1350965	24	5	1989	5	female	11	0	0	0	0	0	0	0	0
1939619	24	30	1989	6	male	552	0	0	0	0	0	0	0	0
1942528	24	17	1989	6	female	440	0	0	0	0	0	0	0	0
2179394	24	16	1989	6	male	395	0	0	0	0	0	0	0	0
1004789	24	2	1989	6	male	332	0	0	0	0	0	0	0	0
1371905	24	7	1989	6	male	63	0	0	0	0	0	0	0	0
1127019	24	15	1989	6	male	24	0	0	0	0	0	0	0	0
1748374	24	15	1989	6	male	15	0	0	0	0	0	0	0	0
2041869	24	17	1989	6	male	22	0	0	0	0	0	0	0	0
1330421	24	29	1989	6	male	11	0	0	0	0	0	0	0	0
1303106	24	14	1989	7	male	273	0	0	0	0	0	0	0	0
1294196	24	22	1989	7	male	136	0	0	0	0	0	0	0	0
1271982	24	15	1989	7	male	100	0	0	0	0	0	0	0	0
1221779	24	16	1989	7	male	58	0	0	0	0	0	0	0	0
2169348	24	16	1989	7	male	2	0	0	0	0	0	0	0	0
1785638	24	11	1989	8	male	686	0	0	0	0	0	0	0	0
2046168	24	15	1989	8	male	259	0	0	0	0	0	0	0	0
1103662	24	27	1989	8	male	188	0	0	0	0	0	0	0	0
1011577	24	19	1989	8	male	173	0	0	0	0	0	0	0	0
1667251	24	2	1989	8	male	70	0	0	0	0	0	0	0	0
2007105	24	11	1989	8	male	28	0	0	0	0	0	0	0	0
1099892	24	19	1989	9	female	834	0	0	0	0	0	0	0	0
1160391	24	2	1989	10	male	526	0	0	0	0	0	0	0	0
2022357	24	16	1989	10	female	498	0	0	0	0	0	0	0	0
1068531	24	31	1989	10	male	381	0	0	0	0	0	0	0	0
1193461	24	2	1989	10	male	379	0	0	0	0	0	0	0	0
1513455	24	10	1989	10	male	166	0	0	0	0	0	0	0	0
1017325	24	4	1989	10	male	143	0	0	0	0	0	0	0	0
1490774	24	31	1989	10	male	61	0	0	0	2	0	0	0	2
1817391	24	3	1989	10	female	18	0	0	0	0	0	0	0	0
1341256	24	3	1989	10	male	18	0	0	0	0	0	0	0	0
1337260	24	1	1989	10	male	21	0	0	0	0	0	0	0	0
1179008	26	16	1987	11	male	441	0	0	0	0	0	0	0	0
1471838	26	30	1987	11	male	1	0	0	0	0	0	0	0	0
1170211	26	23	1987	12	female	405	0	0	0	0	0	0	0	0
1793885	25	2	1988	1	male	620	0	0	0	0	0	0	0	0
1510484	25	24	1988	1	female	444	0	0	0	0	0	0	0	0
1613065	25	6	1988	1	male	278	0	0	0	0	0	0	0	0
1257706	25	9	1988	1	female	206	0	0	0	0	0	0	0	0
1415074	25	4	1988	1	male	198	0	0	0	0	0	0	0	0
1398229	25	23	1988	1	male	189	0	0	0	0	0	0	0	0
1015411	25	4	1988	1	female	161	0	0	0	0	0	0	0	0
1434876	25	6	1988	1	female	40	0	0	0	0	0	0	0	0
2051793	25	24	1988	1	male	2	0	0	0	0	0	0	0	0
1160476	25	17	1988	1	male	16	0	0	0	1	0	1	0	0
1928648	25	5	1988	1	male	10	0	0	0	0	0	0	0	0
1855706	25	4	1988	1	male	0	0	0	0	0	0	0	0	0
1210493	25	1	1988	1	male	455	0	0	0	0	0	0	0	0
1691777	25	1	1988	1	male	374	0	0	0	0	0	0	0	0
1988318	25	1	1988	1	male	300	0	0	0	0	0	0	0	0
1513038	25	1	1988	1	male	289	0	0	0	0	0	0	0	0
1697767	25	1	1988	1	male	292	0	0	0	0	0	0	0	0
2055882	25	1	1988	1	female	250	0	0	0	0	0	0	0	0
1645553	25	1	1988	1	male	245	0	0	0	0	0	0	0	0
1291763	25	1	1988	1	female	236	0	0	0	0	0	0	0	0
1034860	25	1	1988	1	female	218	0	0	0	0	0	0	0	0
1888620	25	1	1988	1	female	171	0	0	0	0	0	0	0	0
1419804	25	1	1988	1	male	166	0	0	0	0	0	0	0	0
1482847	25	1	1988	1	male	133	0	0	0	0	0	0	0	0
2164051	25	1	1988	1	female	132	0	0	0	0	0	0	0	0
1208275	25	1	1988	1	female	137	0	0	0	0	0	0	0	0
1618235	25	1	1988	1	male	121	0	0	0	0	0	0	0	0
1034913	25	1	1988	1	male	116	0	0	0	0	0	0	0	0
2085705	25	1	1988	1	male	109	0	0	0	0	0	0	0	0
2158239	25	1	1988	1	male	115	0	0	0	0	0	0	0	0
1358371	25	1	1988	1	male	96	0	0	0	0	0	0	0	0
2056581	25	1	1988	1	female	61	0	0	0	0	0	0	0	0
1214258	25	1	1988	1	male	45	0	0	0	0	0	0	0	0
2186966	25	1	1988	1	male	66	0	0	0	0	0	0	0	0
2018984	25	1	1988	1	female	59	0	0	0	0	0	0	0	0
1046455	25	1	1988	1	male	73	0	0	0	0	0	0	0	0
1579606	25	1	1988	1	male	51	0	0	0	0	0	0	0	0
1332770	25	1	1988	1	male	25	0	0	0	0	0	0	0	0
2149104	25	1	1988	1	male	33	0	0	0	0	0	0	0	0
1293893	25	1	1988	1	male	21	0	0	0	0	0	0	0	0
1475538	25	1	1988	1	male	33	0	0	0	0	0	0	0	0
1276742	25	1	1988	1	male	21	0	0	0	0	0	0	0	0
2178923	25	1	1988	1	male	22	0	0	0	0	0	0	0	0
1195021	25	1	1988	1	female	19	0	0	0	0	0	0	0	0
1200665	25	1	1988	1	male	21	0	0	0	0	0	0	0	0
1911380	25	1	1988	1	male	21	0	0	0	0	0	0	0	0
1302071	25	1	1988	1	male	8	0	0	0	0	0	0	0	0
1545616	25	1	1988	1	male	17	0	0	0	0	0	0	0	0
1842384	25	1	1988	1	male	0	0	0	0	0	0	0	0	0
1997950	25	1	1988	1	male	0	0	0	0	0	0	0	0	0
1545496	25	1	1988	1	male	15	0	0	0	0	0	0	0	0
1158230	25	1	1988	1	male	14	0	0	0	0	0	0	0	0
1357072	25	1	1988	1	male	2	0	0	0	0	0	0	0	0
1558376	25	1	1988	1	male	9	0	0	0	0	0	0	0	0
2079848	25	1	1988	1	male	5	0	0	0	0	0	0	0	0
1761441	25	1	1988	1	male	7	0	0	0	0	0	0	0	0
1077299	25	27	1988	2	female	172	0	0	0	0	0	0	0	0
1361503	25	25	1988	2	female	32	0	0	0	0	0	0	0	0
1206233	25	3	1988	2	male	26	0	0	0	0	0	0	0	0
1333672	25	3	1988	2	male	23	0	0	0	0	0	0	0	0
1813920	25	25	1988	2	male	4	0	0	0	0	0	0	0	0
1430841	25	1	1988	2	male	16	0	0	0	0	0	0	0	0
1821710	25	22	1988	3	male	722	0	0	0	0	0	0	0	0
2120707	25	16	1988	3	male	687	0	0	0	0	0	0	0	0
1320885	25	29	1988	3	male	583	0	0	0	0	0	0	0	0
1842994	25	20	1988	3	male	491	0	0	0	0	0	0	0	0
1591220	25	21	1988	3	male	247	0	0	0	0	0	0	0	0
1101661	25	5	1988	3	male	40	0	0	0	0	0	0	0	0
2136154	25	10	1988	4	male	283	0	0	0	0	0	0	0	0
1297608	25	6	1988	4	male	256	0	0	0	0	0	0	0	0
1553925	25	13	1988	4	male	199	0	0	0	0	0	0	0	0
1346325	25	15	1988	4	male	164	0	0	0	0	0	0	0	0
1818137	25	29	1988	4	female	77	0	0	0	0	0	0	0	0
1930028	25	18	1988	4	male	21	0	0	0	0	0	0	0	0
1272393	25	18	1988	4	male	18	0	0	0	0	0	0	0	0
2098066	25	21	1988	4	male	20	0	0	0	0	0	0	0	0
1091556	25	17	1988	4	female	3	0	0	0	0	0	0	0	0
1647849	25	25	1988	5	male	489	0	0	0	0	0	0	0	0
1664221	25	5	1988	5	female	212	0	0	0	0	0	0	0	0
2011744	25	2	1988	5	female	115	0	0	0	0	0	0	0	0
1317693	25	3	1988	5	male	58	0	0	0	0	0	0	0	0
1859779	25	6	1988	5	female	7	0	0	0	0	0	0	0	0
1829555	25	25	1988	5	female	9	0	0	0	0	0	0	0	0
2072377	25	30	1988	6	male	1154	0	0	0	0	0	0	0	0
2175953	25	9	1988	6	female	257	0	0	0	0	0	0	0	0
1924231	25	8	1988	6	female	107	0	0	0	0	0	0	0	0
1942211	25	22	1988	7	male	383	0	0	0	0	0	0	0	0
1353364	25	11	1988	7	male	327	0	0	0	0	0	0	0	0
1707857	25	29	1988	7	male	264	0	0	0	0	0	0	0	0
2170060	25	16	1988	7	male	123	0	0	0	0	0	0	0	0
1252107	25	26	1988	7	male	51	0	0	0	0	0	0	0	0
2039698	25	18	1988	8	female	548	0	0	0	0	0	0	0	0
1987183	25	8	1988	8	male	216	0	0	0	0	0	0	0	0
1206158	25	26	1988	8	female	163	0	0	0	1	0	1	0	0
1416281	25	18	1988	8	male	172	0	0	0	0	0	0	0	0
1412232	25	8	1988	8	male	2	0	0	0	0	0	0	0	0
1968338	25	2	1988	9	male	329	0	0	0	0	0	0	0	0
2192882	25	21	1988	9	male	236	0	0	0	0	0	0	0	0
2140479	25	7	1988	9	male	228	0	0	0	0	0	0	0	0
1446780	25	25	1988	9	male	21	0	0	0	0	0	0	0	0
1631990	25	23	1988	9	male	27	0	0	0	0	0	0	0	0
1662186	25	19	1988	9	female	17	0	0	0	0	0	0	0	0
1074622	25	8	1988	9	female	10	0	0	0	0	0	0	0	0
1012235	25	7	1988	10	male	571	0	0	0	0	0	0	0	0
1356497	25	10	1988	10	male	381	0	0	0	0	0	0	0	0
1803801	25	25	1988	10	male	291	0	0	0	0	0	0	0	0
1987493	25	2	1988	10	female	223	0	0	0	0	0	0	0	0
1499350	25	14	1988	10	male	214	0	0	0	0	0	0	0	0
1623246	27	27	1986	11	male	276	0	0	0	0	0	0	0	0
1244720	27	27	1986	11	male	75	0	0	0	0	0	0	0	0
1938085	27	11	1986	11	male	38	0	0	0	0	0	0	0	0
2103921	27	8	1986	12	male	178	0	0	0	0	0	0	0	0
1541767	27	24	1986	12	male	134	0	0	0	0	0	0	0	0
1244749	27	16	1986	12	female	79	0	0	0	0	0	0	0	0
1346857	27	4	1986	12	male	35	0	0	0	2	0	2	0	0
1684591	27	17	1986	12	female	18	0	0	0	0	0	0	0	0
1481863	27	6	1986	12	male	24	0	0	0	0	0	0	0	0
1597531	26	3	1987	1	male	63	0	0	0	0	0	0	0	0
1544397	26	9	1987	1	male	23	0	0	0	0	0	0	0	0
1247648	26	2	1987	1	male	7	0	0	0	0	0	0	0	0
1966569	26	1	1987	1	female	578	0	0	0	0	0	0	0	0
1254987	26	1	1987	1	female	574	0	0	0	0	0	0	0	0
1365595	26	1	1987	1	male	527	0	0	0	0	0	0	0	0
1684657	26	1	1987	1	female	516	0	0	0	0	0	0	0	0
1336375	26	1	1987	1	male	507	0	0	0	0	0	0	0	0
1578782	26	1	1987	1	female	494	0	0	0	0	0	0	0	0
2192295	26	1	1987	1	female	467	0	0	0	0	0	0	0	0
1885846	26	1	1987	1	female	412	0	0	0	0	0	0	0	0
1591889	26	1	1987	1	male	365	0	0	0	0	0	0	0	0
1991592	26	1	1987	1	male	324	0	0	0	0	0	0	0	0
1004934	26	1	1987	1	female	314	0	0	0	0	0	0	0	0
1992689	26	1	1987	1	female	67	0	0	0	0	0	0	0	0
1482388	26	1	1987	1	male	53	0	0	0	0	0	0	0	0
1446461	26	1	1987	1	male	11	0	0	0	0	0	0	0	0
1340830	26	2	1987	2	male	575	0	0	0	0	0	0	0	0
1811217	26	13	1987	2	female	457	0	0	0	0	0	0	0	0
1830333	26	13	1987	2	male	216	0	0	0	0	0	0	0	0
1045146	26	1	1987	2	female	16	0	0	0	0	0	0	0	0
1978353	26	15	1987	3	male	1083	0	0	0	0	0	0	0	0
1595634	26	11	1987	3	female	317	0	0	0	0	0	0	0	0
1685172	26	15	1987	3	male	186	0	0	0	0	0	0	0	0
1192300	26	2	1987	3	male	103	0	0	0	0	0	0	0	0
1092905	26	29	1987	3	male	16	0	0	0	0	0	0	0	0
1944174	26	2	1987	3	male	7	0	0	0	0	0	0	0	0
1641158	26	3	1987	3	male	11	0	0	0	0	0	0	0	0
1029540	26	4	1987	4	female	464	0	0	0	0	0	0	0	0
1082452	26	9	1987	4	female	19	0	0	0	0	0	0	0	0
2162816	26	18	1987	4	male	71	0	0	0	0	0	0	0	0
1556967	26	5	1987	4	male	29	0	0	0	0	0	0	0	0
1463763	26	1	1987	4	male	10	0	0	0	0	0	0	0	0
1958131	26	13	1987	5	male	638	0	0	0	0	0	0	0	0
1353281	26	5	1987	5	male	398	0	0	0	0	0	0	0	0
1265888	26	20	1987	5	male	289	0	0	0	0	0	0	0	0
1481112	26	5	1987	5	male	89	0	0	0	0	0	0	0	0
1447385	26	11	1987	5	male	50	0	0	0	0	0	0	0	0
1083846	26	20	1987	5	male	58	0	0	0	0	0	0	0	0
1649755	26	8	1987	6	male	621	0	0	0	0	0	0	0	0
2128881	26	4	1987	6	male	627	0	0	0	0	0	0	0	0
1425557	26	4	1987	6	female	9	0	0	0	0	0	0	0	0
1286457	26	1	1987	6	male	569	0	0	0	0	0	0	0	0
1286949	26	10	1987	7	male	492	0	0	0	0	0	0	0	0
1131891	26	10	1987	8	female	347	0	0	0	0	0	0	0	0
1120619	26	8	1987	8	male	255	0	0	0	0	0	0	0	0
2123079	26	7	1987	8	male	76	0	0	0	0	0	0	0	0
1539369	26	7	1987	8	male	8	0	0	0	0	0	0	0	0
1787613	26	18	1987	9	male	845	0	0	0	0	0	0	0	0
2160607	26	11	1987	9	male	131	0	0	0	0	0	0	0	0
1344962	26	1	1987	9	male	44	0	0	0	0	0	0	0	0
1235438	26	9	1987	10	male	579	0	0	0	0	0	0	0	0
1489914	26	2	1987	10	female	97	0	0	0	10	0	3	0	7
1170324	26	8	1987	10	male	85	0	0	0	0	0	0	0	0
2066997	26	2	1987	10	male	15	0	0	0	0	0	0	0	0
1530612	26	1	1987	11	male	227	0	0	0	0	0	0	0	0
1177507	28	10	1985	11	male	200	0	0	0	0	0	0	0	0
1050227	28	30	1985	11	male	10	0	0	0	0	0	0	0	0
1525821	28	21	1985	12	male	1249	0	0	0	0	0	0	0	0
1593533	28	29	1985	12	female	275	0	0	0	0	0	0	0	0
1125032	28	17	1985	12	male	223	0	0	0	0	0	0	0	0
1862728	28	28	1985	12	male	201	0	0	0	0	0	0	0	0
1477883	28	15	1985	12	male	50	0	0	0	0	0	0	0	0
1818534	28	25	1985	12	male	24	0	0	0	0	0	0	0	0
1463791	28	25	1985	12	male	31	0	0	0	0	0	0	0	0
2065535	28	20	1985	12	male	7	0	0	0	0	0	0	0	0
2080990	28	28	1985	12	female	1	0	0	0	0	0	0	0	0
2044264	28	25	1985	12	female	1	0	0	0	0	0	0	0	0
1858698	27	17	1986	1	male	512	0	0	0	0	0	0	0	0
1061330	27	5	1986	1	female	415	0	0	0	0	0	0	0	0
1347185	27	10	1986	1	male	205	0	0	0	0	0	0	0	0
1777712	27	3	1986	1	male	22	0	0	0	2	0	2	0	0
1570066	27	1	1986	1	male	580	0	0	0	0	0	0	0	0
2117894	27	1	1986	1	male	183	0	0	0	0	0	0	0	0
1576850	27	1	1986	1	male	91	0	0	0	0	0	0	0	0
1997458	27	16	1986	2	male	310	0	0	0	0	0	0	0	0
1889353	27	27	1986	2	male	11	0	0	0	0	0	0	0	0
1502861	27	2	1986	2	male	14	0	0	0	0	0	0	0	0
1253954	27	16	1986	3	male	276	0	0	0	0	0	0	0	0
1729067	27	2	1986	3	male	246	0	0	0	0	0	0	0	0
1717559	27	24	1986	3	male	21	0	0	0	0	0	0	0	0
1162568	27	24	1986	3	male	3	0	0	0	0	0	0	0	0
1578381	27	21	1986	3	male	5	0	0	0	0	0	0	0	0
2133456	27	6	1986	3	male	8	0	0	0	0	0	0	0	0
1853657	27	17	1986	4	male	334	0	0	0	0	0	0	0	0
2006904	27	21	1986	4	male	5	0	0	0	0	0	0	0	0
1534182	27	22	1986	5	male	1024	0	0	0	0	0	0	0	0
1527099	27	12	1986	5	female	464	0	0	0	0	0	0	0	0
1146123	27	27	1986	5	male	375	0	0	0	0	0	0	0	0
1516107	27	17	1986	5	female	291	0	0	0	0	0	0	0	0
2087895	27	27	1986	5	male	272	0	0	0	0	0	0	0	0
1459975	27	2	1986	5	female	233	0	0	0	0	0	0	0	0
1463018	27	20	1986	5	female	67	0	0	0	0	0	0	0	0
1300847	27	1	1986	5	male	16	0	0	0	0	0	0	0	0
2130438	27	11	1986	6	female	477	0	0	0	0	0	0	0	0
1639346	27	19	1986	6	male	302	0	0	0	0	0	0	0	0
2047797	27	19	1986	6	female	202	0	0	0	0	0	0	0	0
1476953	27	1	1986	6	female	809	0	0	0	0	0	0	0	0
1099681	27	17	1986	7	male	534	0	0	0	0	0	0	0	0
1174601	27	28	1986	7	male	447	0	0	0	0	0	0	0	0
2151353	27	7	1986	7	male	254	0	0	0	0	0	0	0	0
1597611	27	11	1986	7	female	20	0	0	0	0	0	0	0	0
1171843	27	22	1986	8	male	188	0	0	0	0	0	0	0	0
1952892	27	10	1986	8	male	527	0	0	0	0	0	0	0	0
2094009	27	9	1986	8	male	222	0	0	0	0	0	0	0	0
1207252	27	7	1986	9	male	152	0	0	0	0	0	0	0	0
1384571	27	18	1986	9	male	30	0	0	0	0	0	0	0	0
1656964	27	3	1986	10	female	376	0	0	0	0	0	0	0	0
2079411	27	6	1986	10	male	376	0	0	0	0	0	0	0	0
1659815	27	9	1986	10	male	282	0	0	0	0	0	0	0	0
1465423	27	19	1986	10	male	41	0	0	0	0	0	0	0	0
1632614	27	1	1986	11	female	1213	0	0	0	0	0	0	0	0
1869843	29	13	1984	11	male	409	0	0	0	0	0	0	0	0
1838917	29	11	1984	11	male	401	0	0	0	0	0	0	0	0
1253424	29	9	1984	12	male	496	0	0	0	1	0	1	0	0
2020427	29	16	1984	12	male	632	0	0	0	0	0	0	0	0
1721202	29	18	1984	12	female	479	0	0	0	0	0	0	0	0
1953693	29	18	1984	12	male	397	0	0	0	0	0	0	0	0
1546607	29	2	1984	12	female	319	0	0	0	0	0	0	0	0
1451625	29	20	1984	12	female	301	0	0	0	0	0	0	0	0
1892867	28	8	1985	1	female	222	0	0	0	0	0	0	0	0
2035849	28	15	1985	1	male	457	0	0	0	0	0	0	0	0
1597195	28	30	1985	1	male	406	0	0	0	0	0	0	0	0
2178052	28	20	1985	1	male	279	0	0	0	0	0	0	0	0
1854760	28	16	1985	1	male	86	0	0	0	0	0	0	0	0
1367970	28	1	1985	1	female	1039	0	0	0	0	0	0	0	0
1967647	28	1	1985	1	male	740	0	0	0	0	0	0	0	0
1017890	28	1	1985	1	male	249	0	0	0	0	0	0	0	0
1608733	28	1	1985	1	male	70	0	0	0	0	0	0	0	0
1377874	28	1	1985	1	male	24	0	0	0	0	0	0	0	0
1810900	28	1	1985	1	male	12	0	0	0	0	0	0	0	0
1587366	28	22	1985	2	male	1286	0	0	0	0	0	0	0	0
1371065	28	14	1985	2	female	892	0	0	0	0	0	0	0	0
1244682	28	15	1985	2	male	811	0	0	0	0	0	0	0	0
1482709	28	16	1985	2	female	437	0	0	0	0	0	0	0	0
1040608	28	21	1985	2	female	394	0	0	0	0	0	0	0	0
1355840	28	14	1985	2	female	3	0	0	0	0	0	0	0	0
1687924	28	3	1985	3	male	652	0	0	0	0	0	0	0	0
1288857	28	15	1985	3	male	514	0	0	0	0	0	0	0	0
1138566	28	22	1985	3	male	389	0	0	0	0	0	0	0	0
1586223	28	11	1985	3	male	66	0	0	0	0	0	0	0	0
2085909	28	3	1985	3	male	27	0	0	0	0	0	0	0	0
1634150	28	20	1985	4	male	217	0	0	0	0	0	0	0	0
1521600	28	14	1985	4	male	127	0	0	0	0	0	0	0	0
1402360	28	11	1985	5	male	305	0	0	0	0	0	0	0	0
1120713	28	18	1985	5	female	567	0	0	0	0	0	0	0	0
2178700	28	24	1985	5	female	323	0	0	0	0	0	0	0	0
1992445	28	10	1985	5	male	255	0	0	0	0	0	0	0	0
1784215	28	9	1985	6	male	573	0	0	0	0	0	0	0	0
1484741	28	6	1985	6	male	1245	0	0	0	0	0	0	0	0
1195946	28	26	1985	6	male	802	0	0	0	0	0	0	0	0
1192102	28	10	1985	6	male	293	0	0	0	0	0	0	0	0
2101668	28	7	1985	6	male	224	0	0	0	0	0	0	0	0
1243746	28	3	1985	6	male	182	0	0	0	0	0	0	0	0
1139216	28	11	1985	6	male	121	0	0	0	0	0	0	0	0
1496281	28	1	1985	6	female	494	0	0	0	0	0	0	0	0
1562026	28	7	1985	7	male	392	0	0	0	0	0	0	0	0
1533520	28	3	1985	7	male	447	0	0	0	0	0	0	0	0
1000455	28	25	1985	7	male	328	0	0	0	0	0	0	0	0
1926962	28	1	1985	7	male	321	0	0	0	0	0	0	0	0
1544932	28	3	1985	8	male	131	0	0	0	0	0	0	0	0
1901424	28	21	1985	8	female	54	0	0	0	0	0	0	0	0
1806009	28	15	1985	8	female	5	0	0	0	0	0	0	0	0
1883935	28	12	1985	9	female	677	0	0	0	0	0	0	0	0
1656997	28	4	1985	9	female	304	0	0	0	0	0	0	0	0
1704605	28	16	1985	9	male	460	0	0	0	0	0	0	0	0
1439048	28	6	1985	9	female	75	0	0	0	0	0	0	0	0
1510330	28	8	1985	9	male	29	0	0	0	0	0	0	0	0
1130908	28	23	1985	10	male	549	0	0	0	2	0	2	0	0
1280977	28	20	1985	10	male	543	0	0	0	0	0	0	0	0
2060694	28	10	1985	10	male	249	0	0	0	0	0	0	0	0
2048648	28	5	1985	10	male	240	0	0	0	0	0	0	0	0
1872261	28	3	1985	10	male	120	0	0	0	0	0	0	0	0
1426330	28	25	1985	10	male	28	0	0	0	0	0	0	0	0
1076162	28	15	1985	10	male	8	0	0	0	0	0	0	0	0
1781287	30	3	1983	11	male	852	0	0	0	0	0	0	0	0
1254757	30	18	1983	11	male	394	0	0	0	0	0	0	0	0
1851527	30	24	1983	11	male	220	0	0	0	0	0	0	0	0
1629782	30	15	1983	11	female	182	0	0	0	0	0	0	0	0
1389815	30	13	1983	11	male	18	0	0	0	0	0	0	0	0
2136563	30	13	1983	12	male	785	0	0	0	0	0	0	0	0
1928503	30	21	1983	12	male	193	0	0	0	0	0	0	0	0
2030883	30	21	1983	12	female	4	0	0	0	0	0	0	0	0
1513762	29	10	1984	1	female	410	0	0	0	0	0	0	0	0
1146835	29	4	1984	1	male	391	0	0	0	0	0	0	0	0
1552444	29	1	1984	1	male	882	0	0	0	0	0	0	0	0
1432686	29	9	1984	2	female	284	0	0	0	6	0	1	0	5
1244829	29	27	1984	2	female	71	0	0	0	0	0	0	0	0
1750412	29	12	1984	2	male	78	0	0	0	0	0	0	0	0
1818634	29	7	1984	3	male	1901	0	0	0	0	0	0	0	0
1675658	29	2	1984	3	male	462	0	0	0	0	0	0	0	0
1257899	29	15	1984	3	female	389	0	0	0	0	0	0	0	0
1557207	29	19	1984	3	male	301	0	0	0	0	0	0	0	0
1490652	29	25	1984	4	male	285	0	0	0	0	0	0	0	0
1940718	29	20	1984	4	male	185	0	0	0	0	0	0	0	0
1637975	29	18	1984	4	male	19	0	0	0	0	0	0	0	0
1926173	29	8	1984	5	male	460	0	0	0	0	0	0	0	0
2111022	29	1	1984	5	male	357	0	0	0	0	0	0	0	0
1041387	29	12	1984	6	male	142	0	0	0	0	0	0	0	0
1663946	29	14	1984	6	female	46	0	0	0	0	0	0	0	0
1145396	29	28	1984	7	male	507	0	0	0	0	0	0	0	0
2058878	29	4	1984	7	male	467	0	0	0	0	0	0	0	0
1455928	29	14	1984	7	male	11	0	0	0	0	0	0	0	0
1484439	29	2	1984	7	female	15	0	0	0	0	0	0	0	0
1934065	29	28	1984	8	female	683	0	0	0	0	0	0	0	0
1844381	29	13	1984	8	male	191	0	0	0	0	0	0	0	0
1325214	29	4	1984	8	female	137	0	0	0	0	0	0	0	0
2159430	29	5	1984	8	male	2	0	0	0	0	0	0	0	0
1769702	29	2	1984	9	male	324	0	0	0	0	0	0	0	0
1977430	29	11	1984	9	female	242	0	0	0	0	0	0	0	0
2030868	29	28	1984	9	male	225	0	0	0	0	0	0	0	0
1750080	29	20	1984	9	female	6	0	0	0	0	0	0	0	0
2179087	29	24	1984	9	male	39	0	0	0	0	0	0	0	0
1863233	29	10	1984	10	male	646	0	0	0	0	0	0	0	0
1273722	29	9	1984	10	male	154	0	0	0	0	0	0	0	0
1280326	29	16	1984	10	male	54	0	0	0	0	0	0	0	0
1337980	31	24	1982	11	female	353	0	0	0	0	0	0	0	0
1030633	31	14	1982	11	male	128	0	0	0	0	0	0	0	0
1094447	31	17	1982	11	male	94	0	0	0	0	0	0	0	0
2115643	31	26	1982	11	male	0	0	0	0	0	0	0	0	0
1584181	31	6	1982	12	male	280	0	0	0	0	0	0	0	0
1667204	31	1	1982	12	female	380	0	0	0	0	0	0	0	0
1293023	30	8	1983	1	male	585	0	0	0	0	0	0	0	0
1841564	30	24	1983	1	male	562	0	0	0	0	0	0	0	0
1630433	30	19	1983	1	male	444	0	0	0	0	0	0	0	0
2158913	30	27	1983	1	male	206	0	0	0	0	0	0	0	0
1733239	30	12	1983	1	male	117	0	0	0	0	0	0	0	0
2146282	30	28	1983	1	male	13	0	0	0	0	0	0	0	0
1992531	30	1	1983	1	female	903	0	0	0	0	0	0	0	0
2035160	30	1	1983	1	male	426	0	0	0	0	0	0	0	0
1321200	30	1	1983	1	female	327	0	0	0	0	0	0	0	0
1665237	30	1	1983	1	male	1	0	0	0	0	0	0	0	0
1775751	30	20	1983	2	female	72	0	0	0	0	0	0	0	0
1792060	30	13	1983	2	male	95	0	0	0	0	0	0	0	0
1255666	30	3	1983	3	male	680	0	0	0	0	0	0	0	0
1038085	30	23	1983	3	male	599	0	0	0	0	0	0	0	0
1455118	30	30	1983	3	male	364	0	0	0	0	0	0	0	0
1594020	30	13	1983	3	male	6	0	0	0	0	0	0	0	0
1550791	30	6	1983	4	male	289	0	0	0	0	0	0	0	0
1148929	30	18	1983	4	male	276	0	0	0	0	0	0	0	0
1102433	30	18	1983	4	male	54	0	0	0	0	0	0	0	0
1161625	30	7	1983	5	male	136	0	0	0	0	0	0	0	0
1492361	30	3	1983	5	male	116	0	0	0	0	0	0	0	0
1042077	30	22	1983	6	male	1016	0	0	0	0	0	0	0	0
1800024	30	25	1983	7	male	1	0	0	0	0	0	0	0	0
1658549	30	12	1983	8	female	578	0	0	0	0	0	0	0	0
1142426	30	19	1983	8	female	360	0	0	0	0	0	0	0	0
1363563	30	21	1983	8	male	288	0	0	0	3	0	0	0	3
1673115	30	5	1983	8	male	214	0	0	0	0	0	0	0	0
1985021	30	29	1983	9	female	415	0	0	0	0	0	0	0	0
1875125	30	10	1983	9	male	39	0	0	0	0	0	0	0	0
1819102	30	14	1983	9	male	0	0	0	0	0	0	0	0	0
1105837	30	9	1983	10	male	280	0	0	0	0	0	0	0	0
1154601	30	6	1983	10	male	177	0	0	0	0	0	0	0	0
1966193	30	16	1983	10	male	219	0	0	0	0	0	0	0	0
1100031	30	16	1983	10	male	44	0	0	0	0	0	0	0	0
1811901	30	3	1983	10	male	56	0	0	0	0	0	0	0	0
2129308	30	6	1983	10	male	33	0	0	0	0	0	0	0	0
1858077	30	1	1983	10	female	274	0	0	0	1	0	0	0	1
1237328	30	1	1983	11	male	408	0	0	0	0	0	0	0	0
1049264	30	1	1983	11	male	382	0	0	0	0	0	0	0	0
1948327	32	24	1981	11	male	458	0	0	0	0	0	0	0	0
1182094	32	19	1981	11	male	17	0	0	0	0	0	0	0	0
1405862	32	11	1981	12	male	691	0	0	0	0	0	0	0	0
1882259	32	7	1981	12	male	419	0	0	0	0	0	0	0	0
1143612	32	25	1981	12	male	228	0	0	0	0	0	0	0	0
1880758	32	26	1981	12	female	9	0	0	0	0	0	0	0	0
1959736	31	13	1982	1	female	688	0	0	0	0	0	0	0	0
